insert into Indirizzo (via, citta, cap, nazione) values ('4506 Kim Pass', 'Banjar Dukuh', '83214', 'Indonesia');
insert into Indirizzo (via, citta, cap, nazione) values ('6 Scoville Pass', 'Ciwaru', '77', 'Indonesia');
insert into Indirizzo (via, citta, cap, nazione) values ('58589 Pankratz Road', 'Sacramento', '9249', 'United States');
insert into Indirizzo (via, citta, cap, nazione) values ('86744 Texas Road', 'Khudoyelanskoye', '491', 'Russia');
insert into Indirizzo (via, citta, cap, nazione) values ('1090 Erie Avenue', 'Debrecen', '4', 'Hungary');
insert into Indirizzo (via, citta, cap, nazione) values ('1601 School Parkway', 'Ugep', '78', 'Nigeria');
insert into Indirizzo (via, citta, cap, nazione) values ('81 Sloan Lane', 'Sitovo', '8095', 'Bulgaria');
insert into Indirizzo (via, citta, cap, nazione) values ('6102 Northland Pass', 'Tsalka', '1', 'Georgia');
insert into Indirizzo (via, citta, cap, nazione) values ('4729 Briar Crest Lane', 'Batukuta', '51', 'Indonesia');
insert into Indirizzo (via, citta, cap, nazione) values ('309 Mesta Plaza', 'Fort Worth', '879', 'United States');
insert into Indirizzo (via, citta, cap, nazione) values ('3 Sommers Hill', 'Arles', '0923', 'France');
insert into Indirizzo (via, citta, cap, nazione) values ('43 Leroy Hill', 'Hongsung', '44', 'South Korea');
insert into Indirizzo (via, citta, cap, nazione) values ('1072 Sycamore Avenue', 'Upernavik', '35', 'Greenland');
insert into Indirizzo (via, citta, cap, nazione) values ('42 Haas Park', 'Tianta', '8003', 'China');
insert into Indirizzo (via, citta, cap, nazione) values ('5469 Roxbury Crossing', 'Sasovo', '40021', 'Russia');
insert into Indirizzo (via, citta, cap, nazione) values ('010 Cambridge Pass', 'Sélestat', '512', 'France');
insert into Indirizzo (via, citta, cap, nazione) values ('55611 Arapahoe Hill', 'Noda', '33', 'Japan');
insert into Indirizzo (via, citta, cap, nazione) values ('61637 Welch Circle', 'La Paz', '45', 'Uruguay');
insert into Indirizzo (via, citta, cap, nazione) values ('99 Lakewood Gardens Alley', 'Kitapak', '720', 'Philippines');
insert into Indirizzo (via, citta, cap, nazione) values ('863 1st Drive', 'Caitang', '146', 'China');
insert into Indirizzo (via, citta, cap, nazione) values ('59441 Evergreen Court', 'Longquan', '58', 'China');
insert into Indirizzo (via, citta, cap, nazione) values ('02 Center Way', 'Azogues', '58031', 'Ecuador');
insert into Indirizzo (via, citta, cap, nazione) values ('51 Dryden Pass', 'Majdal Banī Fāḑil', '229', 'Palestinian Territory');
insert into Indirizzo (via, citta, cap, nazione) values ('9 Logan Point', 'Karangturi', '7664', 'Indonesia');
insert into Indirizzo (via, citta, cap, nazione) values ('4 Jenifer Hill', 'Zhuyu', '4826', 'China');
insert into Indirizzo (via, citta, cap, nazione) values ('1894 Messerschmidt Terrace', 'Jinjiang', '7051', 'China');
insert into Indirizzo (via, citta, cap, nazione) values ('82 Meadow Ridge Plaza', 'Cikaung', '8675', 'Indonesia');
insert into Indirizzo (via, citta, cap, nazione) values ('2 Goodland Drive', 'Santo Domingo', '2', 'Philippines');
insert into Indirizzo (via, citta, cap, nazione) values ('691 Gerald Terrace', 'Rennes', '70', 'France');
insert into Indirizzo (via, citta, cap, nazione) values ('1 Portage Plaza', 'Nuštar', '1854', 'Croatia');
insert into Indirizzo (via, citta, cap, nazione) values ('3 Continental Way', 'Hengling', '9699', 'China');
insert into Indirizzo (via, citta, cap, nazione) values ('68 Hanover Plaza', 'Longtanping', '68', 'China');
insert into Indirizzo (via, citta, cap, nazione) values ('58809 Fisk Road', 'Geshan', '31588', 'China');
insert into Indirizzo (via, citta, cap, nazione) values ('21618 Fulton Center', 'Abobo', '51', 'Ivory Coast');
insert into Indirizzo (via, citta, cap, nazione) values ('633 Birchwood Lane', 'Feyẕābād', '305', 'Iran');
insert into Indirizzo (via, citta, cap, nazione) values ('46 Eggendart Avenue', 'San Felipe', '3', 'Costa Rica');
insert into Indirizzo (via, citta, cap, nazione) values ('11556 Texas Way', 'Gang', '9', 'Philippines');
insert into Indirizzo (via, citta, cap, nazione) values ('55 Glendale Avenue', 'Fenglai', '171', 'China');
insert into Indirizzo (via, citta, cap, nazione) values ('510 Clyde Gallagher Point', 'Chonghe', '3', 'China');
insert into Indirizzo (via, citta, cap, nazione) values ('0 Stephen Pass', 'Rosh Pinna', '14745', 'Israel');
insert into Indirizzo (via, citta, cap, nazione) values ('097 Jenifer Trail', 'Wādī al ‘Uyūn', '9', 'Syria');
insert into Indirizzo (via, citta, cap, nazione) values ('5 Corry Point', 'Changtang', '11', 'China');
insert into Indirizzo (via, citta, cap, nazione) values ('093 Knutson Parkway', 'Damaturu', '3', 'Nigeria');
insert into Indirizzo (via, citta, cap, nazione) values ('1680 Sycamore Way', 'Wilanagara', '62650', 'Indonesia');
insert into Indirizzo (via, citta, cap, nazione) values ('8932 East Alley', 'Khārān', '58690', 'Pakistan');
insert into Indirizzo (via, citta, cap, nazione) values ('33961 Nova Lane', 'Artimet', '917', 'Armenia');
insert into Indirizzo (via, citta, cap, nazione) values ('0 Oneill Court', 'Guanay', '89', 'Bolivia');
insert into Indirizzo (via, citta, cap, nazione) values ('7 Bultman Place', 'Calauag', '09', 'Philippines');
insert into Indirizzo (via, citta, cap, nazione) values ('5601 Grover Alley', 'Fulin', '1829', 'China');
insert into Indirizzo (via, citta, cap, nazione) values ('2 American Lane', 'Svojat', '2600', 'Bosnia and Herzegovina');

insert into Contatto (nome, cognome, indirizzo_p) values ('Norma', 'Boyle', 11);
insert into Contatto (nome, cognome, indirizzo_p) values ('Christel', 'Pennone', 45);
insert into Contatto (nome, cognome, indirizzo_p) values ('Carline', 'Sheere', 9);
insert into Contatto (nome, cognome, indirizzo_p) values ('Chrotoem', 'Maycock', 38);
insert into Contatto (nome, cognome, indirizzo_p) values ('Halli', 'Le Brom', 31);
insert into Contatto (nome, cognome, indirizzo_p) values ('Jarrett', 'Elward', 42);
insert into Contatto (nome, cognome, indirizzo_p) values ('Morse', 'Burle', 46);
insert into Contatto (nome, cognome, indirizzo_p) values ('Danette', 'O''Hoey', 35);
insert into Contatto (nome, cognome, indirizzo_p) values ('Jenelle', 'McEneny', 49);
insert into Contatto (nome, cognome, indirizzo_p) values ('Benji', 'Eastbury', 41);
insert into Contatto (nome, cognome, indirizzo_p) values ('Lamont', 'Kynder', 35);
insert into Contatto (nome, cognome, indirizzo_p) values ('Fred', 'Huburn', 11);
insert into Contatto (nome, cognome, indirizzo_p) values ('Lorry', 'Skippon', 41);
insert into Contatto (nome, cognome, indirizzo_p) values ('Jesselyn', 'Saylor', 9);
insert into Contatto (nome, cognome, indirizzo_p) values ('Dorie', 'Elman', 9);
insert into Contatto (nome, cognome, indirizzo_p) values ('Sukey', 'Bessett', 12);
insert into Contatto (nome, cognome, indirizzo_p) values ('Georgie', 'Brimble', 50);
insert into Contatto (nome, cognome, indirizzo_p) values ('Fanya', 'Kroger', 37);
insert into Contatto (nome, cognome, indirizzo_p) values ('Godiva', 'Burds', 1);
insert into Contatto (nome, cognome, indirizzo_p) values ('Diarmid', 'Linfield', 4);
insert into Contatto (nome, cognome, indirizzo_p) values ('Hendrick', 'Kubicek', 42);
insert into Contatto (nome, cognome, indirizzo_p) values ('Fiann', 'Sadlier', 21);
insert into Contatto (nome, cognome, indirizzo_p) values ('Janie', 'Conaghan', 18);
insert into Contatto (nome, cognome, indirizzo_p) values ('Foss', 'Baldcock', 1);
insert into Contatto (nome, cognome, indirizzo_p) values ('Liesa', 'Coopland', 26);
insert into Contatto (nome, cognome, indirizzo_p) values ('Gian', 'Casaccio', 48);
insert into Contatto (nome, cognome, indirizzo_p) values ('Charisse', 'Dillaway', 33);
insert into Contatto (nome, cognome, indirizzo_p) values ('Pattie', 'Fernie', 1);
insert into Contatto (nome, cognome, indirizzo_p) values ('Brooks', 'Flintoff', 46);
insert into Contatto (nome, cognome, indirizzo_p) values ('Percy', 'Hestrop', 38);

insert into Telefono (numero, prefisso, tipo) values ('068164872', '45', 'Fisso');
insert into Telefono (numero, prefisso, tipo) values ('205235026', '73', 'Mobile');
insert into Telefono (numero, prefisso, tipo) values ('660377796', '18', 'Fisso');
insert into Telefono (numero, prefisso, tipo) values ('988458404', '56', 'Fisso');
insert into Telefono (numero, prefisso, tipo) values ('541535860', '10', 'Fisso');
insert into Telefono (numero, prefisso, tipo) values ('872755638', '41', 'Fisso');
insert into Telefono (numero, prefisso, tipo) values ('010832822', '36', 'Fisso');
insert into Telefono (numero, prefisso, tipo) values ('447016725', '15', 'Fisso');
insert into Telefono (numero, prefisso, tipo) values ('938042359', '48', 'Mobile');
insert into Telefono (numero, prefisso, tipo) values ('807019304', '37', 'Fisso');
insert into Telefono (numero, prefisso, tipo) values ('729033918', '22', 'Mobile');
insert into Telefono (numero, prefisso, tipo) values ('466224171', '59', 'Mobile');
insert into Telefono (numero, prefisso, tipo) values ('464874040', '45', 'Fisso');
insert into Telefono (numero, prefisso, tipo) values ('398273667', '48', 'Fisso');
insert into Telefono (numero, prefisso, tipo) values ('795818071', '36', 'Fisso');
insert into Telefono (numero, prefisso, tipo) values ('866633416', '75', 'Fisso');
insert into Telefono (numero, prefisso, tipo) values ('096303552', '52', 'Fisso');
insert into Telefono (numero, prefisso, tipo) values ('498370529', '96', 'Mobile');
insert into Telefono (numero, prefisso, tipo) values ('031193222', '51', 'Fisso');
insert into Telefono (numero, prefisso, tipo) values ('382172879', '69', 'Mobile');
insert into Telefono (numero, prefisso, tipo) values ('126554866', '09', 'Fisso');
insert into Telefono (numero, prefisso, tipo) values ('376420465', '38', 'Fisso');
insert into Telefono (numero, prefisso, tipo) values ('120757570', '94', 'Fisso');
insert into Telefono (numero, prefisso, tipo) values ('595910776', '03', 'Mobile');
insert into Telefono (numero, prefisso, tipo) values ('040463089', '14', 'Fisso');
insert into Telefono (numero, prefisso, tipo) values ('803918776', '47', 'Fisso');
insert into Telefono (numero, prefisso, tipo) values ('402915875', '68', 'Mobile');
insert into Telefono (numero, prefisso, tipo) values ('245995706', '69', 'Fisso');
insert into Telefono (numero, prefisso, tipo) values ('851809497', '28', 'Fisso');
insert into Telefono (numero, prefisso, tipo) values ('362533382', '96', 'Fisso');
insert into Telefono (numero, prefisso, tipo) values ('036097876', '09', 'Mobile');
insert into Telefono (numero, prefisso, tipo) values ('284974550', '46', 'Fisso');
insert into Telefono (numero, prefisso, tipo) values ('927371642', '47', 'Mobile');
insert into Telefono (numero, prefisso, tipo) values ('775232532', '56', 'Mobile');
insert into Telefono (numero, prefisso, tipo) values ('811798900', '50', 'Mobile');
insert into Telefono (numero, prefisso, tipo) values ('021580299', '53', 'Fisso');
insert into Telefono (numero, prefisso, tipo) values ('190344112', '07', 'Fisso');
insert into Telefono (numero, prefisso, tipo) values ('133040748', '19', 'Mobile');
insert into Telefono (numero, prefisso, tipo) values ('637587194', '99', 'Fisso');
insert into Telefono (numero, prefisso, tipo) values ('143006845', '33', 'Mobile');
insert into Telefono (numero, prefisso, tipo) values ('938146883', '94', 'Mobile');
insert into Telefono (numero, prefisso, tipo) values ('305758112', '62', 'Fisso');
insert into Telefono (numero, prefisso, tipo) values ('530298914', '11', 'Mobile');
insert into Telefono (numero, prefisso, tipo) values ('911024634', '91', 'Fisso');
insert into Telefono (numero, prefisso, tipo) values ('407332902', '55', 'Mobile');
insert into Telefono (numero, prefisso, tipo) values ('049937037', '48', 'Mobile');
insert into Telefono (numero, prefisso, tipo) values ('399389649', '59', 'Fisso');
insert into Telefono (numero, prefisso, tipo) values ('967915999', '25', 'Fisso');
insert into Telefono (numero, prefisso, tipo) values ('598708697', '79', 'Mobile');
insert into Telefono (numero, prefisso, tipo) values ('668300147', '33', 'Fisso');


insert into Recapito (cont_id, numero, prefisso, numero_out, prefisso_out) values (1, '068164872', '45', '205235026', '73');
insert into Recapito (cont_id, numero, prefisso, numero_out, prefisso_out) values (2, '660377796', '18', '938042359', '48');
insert into Recapito (cont_id, numero, prefisso, numero_out, prefisso_out) values (3, '988458404', '56', '729033918', '22');
insert into Recapito (cont_id, numero, prefisso, numero_out, prefisso_out) values (4, '541535860', '10', '466224171', '59');
insert into Recapito (cont_id, numero, prefisso, numero_out, prefisso_out) values (5, '872755638', '41', '498370529', '96');
insert into Recapito (cont_id, numero, prefisso, numero_out, prefisso_out) values (6, '010832822', '36', '382172879', '69');
insert into Recapito (cont_id, numero, prefisso, numero_out, prefisso_out) values (7, '447016725', '15', '595910776', '03');
insert into Recapito (cont_id, numero, prefisso, numero_out, prefisso_out) values (8, '807019304', '37', '402915875', '68');
insert into Recapito (cont_id, numero, prefisso, numero_out, prefisso_out) values (9, '464874040', '45', '036097876', '09');
insert into Recapito (cont_id, numero, prefisso, numero_out, prefisso_out) values (10, '398273667', '48', '927371642', '47');
insert into Recapito (cont_id, numero, prefisso, numero_out, prefisso_out) values (11, '795818071', '36', '775232532', '56');
insert into Recapito (cont_id, numero, prefisso, numero_out, prefisso_out) values (12, '866633416', '75', '811798900', '50');
insert into Recapito (cont_id, numero, prefisso, numero_out, prefisso_out) values (13, '096303552', '52', '133040748', '19');
insert into Recapito (cont_id, numero, prefisso, numero_out, prefisso_out) values (14, '031193222', '51', '143006845', '33');
insert into Recapito (cont_id, numero, prefisso, numero_out, prefisso_out) values (15, '126554866', '09', '938146883', '94');
insert into Recapito (cont_id, numero, prefisso, numero_out, prefisso_out) values (1, '205235026', '73', '068164872', '45');
insert into Recapito (cont_id, numero, prefisso, numero_out, prefisso_out) values (2, '938042359', '48', '660377796', '18');
insert into Recapito (cont_id, numero, prefisso, numero_out, prefisso_out) values (3, '729033918', '22', '988458404', '56');
insert into Recapito (cont_id, numero, prefisso, numero_out, prefisso_out) values (4, '466224171', '59', '541535860', '10');
insert into Recapito (cont_id, numero, prefisso, numero_out, prefisso_out) values (5, '498370529', '96', '872755638', '41');
insert into Recapito (cont_id, numero, prefisso, numero_out, prefisso_out) values (6, '382172879', '69', '010832822', '36');
insert into Recapito (cont_id, numero, prefisso, numero_out, prefisso_out) values (7, '595910776', '03', '447016725', '15');
insert into Recapito (cont_id, numero, prefisso, numero_out, prefisso_out) values (8, '402915875', '68', '807019304', '37');
insert into Recapito (cont_id, numero, prefisso, numero_out, prefisso_out) values (9, '036097876', '09', '464874040', '45');
insert into Recapito (cont_id, numero, prefisso, numero_out, prefisso_out) values (10, '927371642', '47', '398273667', '48');
insert into Recapito (cont_id, numero, prefisso, numero_out, prefisso_out) values (11, '775232532', '56', '795818071', '36');
insert into Recapito (cont_id, numero, prefisso, numero_out, prefisso_out) values (12, '811798900', '50', '866633416', '75');
insert into Recapito (cont_id, numero, prefisso, numero_out, prefisso_out) values (13, '133040748', '19', '096303552', '52');
insert into Recapito (cont_id, numero, prefisso, numero_out, prefisso_out) values (14, '143006845', '33', '031193222', '51');
insert into Recapito (cont_id, numero, prefisso, numero_out, prefisso_out) values (15, '938146883', '94', '126554866', '09');


insert into Gruppo (nome_g, descrizione) values ('Construction Worker', null);
insert into Gruppo (nome_g, descrizione) values ('Construction Expeditor', null);
insert into Gruppo (nome_g, descrizione) values ('Electrician', null);
insert into Gruppo (nome_g, descrizione) values ('Estimator', null);
insert into Gruppo (nome_g, descrizione) values ('Construction Worker', null);
insert into Gruppo (nome_g, descrizione) values ('Construction Expeditor', null);
insert into Gruppo (nome_g, descrizione) values ('Construction Foreman', null);
insert into Gruppo (nome_g, descrizione) values ('Construction Foreman', null);
insert into Gruppo (nome_g, descrizione) values ('Architect', null);
insert into Gruppo (nome_g, descrizione) values ('Electrician', null);
insert into Gruppo (nome_g, descrizione) values ('Electrician', null);
insert into Gruppo (nome_g, descrizione) values ('Construction Worker', null);
insert into Gruppo (nome_g, descrizione) values ('Engineer', null);
insert into Gruppo (nome_g, descrizione) values ('Construction Foreman', null);
insert into Gruppo (nome_g, descrizione) values ('Construction Foreman', null);

insert into Alloggio (cont_id, addr_id) values (1, 1);
insert into Alloggio (cont_id, addr_id) values (2, 2);
insert into Alloggio (cont_id, addr_id) values (3, 3);
insert into Alloggio (cont_id, addr_id) values (4, 4);
insert into Alloggio (cont_id, addr_id) values (5, 5);
insert into Alloggio (cont_id, addr_id) values (6, 6);
insert into Alloggio (cont_id, addr_id) values (7, 7);
insert into Alloggio (cont_id, addr_id) values (8, 8);
insert into Alloggio (cont_id, addr_id) values (9, 9);
insert into Alloggio (cont_id, addr_id) values (10, 10);
insert into Alloggio (cont_id, addr_id) values (11, 11);
insert into Alloggio (cont_id, addr_id) values (12, 12);
insert into Alloggio (cont_id, addr_id) values (13, 13);
insert into Alloggio (cont_id, addr_id) values (14, 14);
insert into Alloggio (cont_id, addr_id) values (15, 15);
insert into Alloggio (cont_id, addr_id) values (16, 16);
insert into Alloggio (cont_id, addr_id) values (17, 17);
insert into Alloggio (cont_id, addr_id) values (18, 18);
insert into Alloggio (cont_id, addr_id) values (19, 19);
insert into Alloggio (cont_id, addr_id) values (20, 20);
insert into Alloggio (cont_id, addr_id) values (21, 21);
insert into Alloggio (cont_id, addr_id) values (22, 22);
insert into Alloggio (cont_id, addr_id) values (23, 23);
insert into Alloggio (cont_id, addr_id) values (24, 24);
insert into Alloggio (cont_id, addr_id) values (25, 25);
insert into Alloggio (cont_id, addr_id) values (26, 26);
insert into Alloggio (cont_id, addr_id) values (27, 27);
insert into Alloggio (cont_id, addr_id) values (28, 28);
insert into Alloggio (cont_id, addr_id) values (29, 29);
insert into Alloggio (cont_id, addr_id) values (30, 30);
insert into Alloggio (cont_id, addr_id) values (1, 31);
insert into Alloggio (cont_id, addr_id) values (2, 32);
insert into Alloggio (cont_id, addr_id) values (3, 33);
insert into Alloggio (cont_id, addr_id) values (4, 34);
insert into Alloggio (cont_id, addr_id) values (5, 35);
insert into Alloggio (cont_id, addr_id) values (6, 36);
insert into Alloggio (cont_id, addr_id) values (7, 37);
insert into Alloggio (cont_id, addr_id) values (8, 38);
insert into Alloggio (cont_id, addr_id) values (9, 39);
insert into Alloggio (cont_id, addr_id) values (10, 40);
insert into Alloggio (cont_id, addr_id) values (11, 41);
insert into Alloggio (cont_id, addr_id) values (12, 42);
insert into Alloggio (cont_id, addr_id) values (13, 43);
insert into Alloggio (cont_id, addr_id) values (14, 44);
insert into Alloggio (cont_id, addr_id) values (15, 45);
insert into Alloggio (cont_id, addr_id) values (16, 46);
insert into Alloggio (cont_id, addr_id) values (17, 47);
insert into Alloggio (cont_id, addr_id) values (18, 48);
insert into Alloggio (cont_id, addr_id) values (19, 49);
insert into Alloggio (cont_id, addr_id) values (20, 50);


insert into Aggregazione (group_id, cont_id) values (6, 13);
insert into Aggregazione (group_id, cont_id) values (8, 6);
insert into Aggregazione (group_id, cont_id) values (11, 14);
insert into Aggregazione (group_id, cont_id) values (10, 8);
insert into Aggregazione (group_id, cont_id) values (8, 28);
insert into Aggregazione (group_id, cont_id) values (3, 2);
insert into Aggregazione (group_id, cont_id) values (12, 7);
insert into Aggregazione (group_id, cont_id) values (1, 3);
insert into Aggregazione (group_id, cont_id) values (3, 29);
insert into Aggregazione (group_id, cont_id) values (6, 22);
insert into Aggregazione (group_id, cont_id) values (8, 5);
insert into Aggregazione (group_id, cont_id) values (13, 6);
insert into Aggregazione (group_id, cont_id) values (12, 3);
insert into Aggregazione (group_id, cont_id) values (11, 7);
insert into Aggregazione (group_id, cont_id) values (8, 9);
insert into Aggregazione (group_id, cont_id) values (8, 20);
insert into Aggregazione (group_id, cont_id) values (6, 25);
insert into Aggregazione (group_id, cont_id) values (2, 10);
insert into Aggregazione (group_id, cont_id) values (11, 19);
insert into Aggregazione (group_id, cont_id) values (10, 17);
insert into Aggregazione (group_id, cont_id) values (6, 1);
insert into Aggregazione (group_id, cont_id) values (5, 30);
insert into Aggregazione (group_id, cont_id) values (9, 6);
insert into Aggregazione (group_id, cont_id) values (1, 18);
insert into Aggregazione (group_id, cont_id) values (12, 8);
insert into Aggregazione (group_id, cont_id) values (2, 15);
insert into Aggregazione (group_id, cont_id) values (3, 15);
insert into Aggregazione (group_id, cont_id) values (12, 27);
insert into Aggregazione (group_id, cont_id) values (11, 28);
insert into Aggregazione (group_id, cont_id) values (14, 4);

insert into Email (indirizzo, utilizzo, cont_id) values ('rdomoni0@bloomberg.com', 'Supervisor', 1);
insert into Email (indirizzo, utilizzo, cont_id) values ('amccusker1@cloudflare.com', 'Estimator', 2);
insert into Email (indirizzo, utilizzo, cont_id) values ('cbrashier2@baidu.com', 'Construction Worker', 3);
insert into Email (indirizzo, utilizzo, cont_id) values ('ajardein3@princeton.edu', 'Construction Manager', 4);
insert into Email (indirizzo, utilizzo, cont_id) values ('whurnell4@taobao.com', 'Supervisor', 5);
insert into Email (indirizzo, utilizzo, cont_id) values ('arenihan5@vinaora.com', 'Architect', 6);
insert into Email (indirizzo, utilizzo, cont_id) values ('ksibbald6@kickstarter.com', 'Construction Expeditor', 7);
insert into Email (indirizzo, utilizzo, cont_id) values ('ljackman7@craigslist.org', 'Electrician', 8);
insert into Email (indirizzo, utilizzo, cont_id) values ('stutt8@illinois.edu', 'Construction Manager', 9);
insert into Email (indirizzo, utilizzo, cont_id) values ('bwainer9@acquirethisname.com', 'Construction Foreman', 10);
insert into Email (indirizzo, utilizzo, cont_id) values ('cgallatlya@ow.ly', 'Estimator', 11);
insert into Email (indirizzo, utilizzo, cont_id) values ('gbattelleb@1und1.de', 'Electrician', 12);
insert into Email (indirizzo, utilizzo, cont_id) values ('ypilleyc@princeton.edu', 'Construction Expeditor', 13);
insert into Email (indirizzo, utilizzo, cont_id) values ('asimmigd@huffingtonpost.com', 'Supervisor', 14);
insert into Email (indirizzo, utilizzo, cont_id) values ('flumoxe@nyu.edu', 'Construction Expeditor', 15);
insert into Email (indirizzo, utilizzo, cont_id) values ('nkewardf@parallels.com', 'Estimator', 16);
insert into Email (indirizzo, utilizzo, cont_id) values ('phubg@prweb.com', 'Surveyor', 17);
insert into Email (indirizzo, utilizzo, cont_id) values ('cpettifordh@tripod.com', 'Construction Foreman', 18);
insert into Email (indirizzo, utilizzo, cont_id) values ('bhullesi@usnews.com', 'Subcontractor', 19);
insert into Email (indirizzo, utilizzo, cont_id) values ('aadanetj@msn.com', 'Supervisor', 20);
insert into Email (indirizzo, utilizzo, cont_id) values ('ablasonik@gravatar.com', 'Estimator', 21);
insert into Email (indirizzo, utilizzo, cont_id) values ('cbirrelll@cafepress.com', 'Project Manager', 22);
insert into Email (indirizzo, utilizzo, cont_id) values ('sdraiseym@globo.com', 'Project Manager', 23);
insert into Email (indirizzo, utilizzo, cont_id) values ('dgreenhalfn@wix.com', 'Supervisor', 24);
insert into Email (indirizzo, utilizzo, cont_id) values ('snannettio@ask.com', 'Construction Worker', 25);
insert into Email (indirizzo, utilizzo, cont_id) values ('gmoxsonp@baidu.com', 'Electrician', 26);
insert into Email (indirizzo, utilizzo, cont_id) values ('lvotierq@i2i.jp', 'Estimator', 27);
insert into Email (indirizzo, utilizzo, cont_id) values ('celhamr@theatlantic.com', 'Supervisor', 28);
insert into Email (indirizzo, utilizzo, cont_id) values ('dlassetters@sitemeter.com', 'Construction Expeditor', 29);
insert into Email (indirizzo, utilizzo, cont_id) values ('vgregolt@hibu.com', 'Construction Expeditor', 30);
insert into Email (indirizzo, utilizzo, cont_id) values ('adurieu@google.com.br', 'Construction Expeditor', 1);
insert into Email (indirizzo, utilizzo, cont_id) values ('dandreevv@ucoz.ru', 'Surveyor', 2);
insert into Email (indirizzo, utilizzo, cont_id) values ('cleaveyw@e-recht24.de', 'Electrician', 3);
insert into Email (indirizzo, utilizzo, cont_id) values ('jgrigolix@census.gov', 'Architect', 4);
insert into Email (indirizzo, utilizzo, cont_id) values ('sscougally@devhub.com', 'Engineer', 5);
insert into Email (indirizzo, utilizzo, cont_id) values ('tbranscombez@msu.edu', 'Construction Expeditor', 6);
insert into Email (indirizzo, utilizzo, cont_id) values ('hhague10@linkedin.com', 'Surveyor', 7);
insert into Email (indirizzo, utilizzo, cont_id) values ('atettley11@ucla.edu', 'Construction Worker', 8);
insert into Email (indirizzo, utilizzo, cont_id) values ('pfairney12@sourceforge.net', 'Construction Worker', 9);
insert into Email (indirizzo, utilizzo, cont_id) values ('cpear13@loc.gov', 'Estimator', 10);
insert into Email (indirizzo, utilizzo, cont_id) values ('ascrimshire14@histats.com', 'Construction Manager', 11);
insert into Email (indirizzo, utilizzo, cont_id) values ('ntomblin15@fotki.com', 'Engineer', 12);
insert into Email (indirizzo, utilizzo, cont_id) values ('jloosmore16@ocn.ne.jp', 'Estimator', 13);
insert into Email (indirizzo, utilizzo, cont_id) values ('waldhouse17@nhs.uk', 'Architect', 14);
insert into Email (indirizzo, utilizzo, cont_id) values ('rdarwen18@independent.co.uk', 'Construction Expeditor', 15);
insert into Email (indirizzo, utilizzo, cont_id) values ('mrecher19@chicagotribune.com', 'Engineer', 16);
insert into Email (indirizzo, utilizzo, cont_id) values ('lgoggins1a@blinklist.com', 'Construction Manager', 17);
insert into Email (indirizzo, utilizzo, cont_id) values ('agatehouse1b@usa.gov', 'Architect', 18);
insert into Email (indirizzo, utilizzo, cont_id) values ('akillgus1c@addtoany.com', 'Electrician', 19);
insert into Email (indirizzo, utilizzo, cont_id) values ('amclaine1d@samsung.com', 'Supervisor', 20);

insert into MessagingPR (nickname, frase_benvenuto, fornitore, indirizzo) values ('gduignan0', 'Multi-layered systemic attitude', 'Redhold', 'rdomoni0@bloomberg.com');
insert into MessagingPR (nickname, frase_benvenuto, fornitore, indirizzo) values ('dklisch1', 'Balanced high-level installation', 'Lotlux', 'amccusker1@cloudflare.com');
insert into MessagingPR (nickname, frase_benvenuto, fornitore, indirizzo) values ('vfiloniere2', 'Progressive encompassing collaboration', 'Rank', 'cbrashier2@baidu.com');
insert into MessagingPR (nickname, frase_benvenuto, fornitore, indirizzo) values ('rgatiss3', 'Inverse multimedia definition', 'Prodder', 'ajardein3@princeton.edu');
insert into MessagingPR (nickname, frase_benvenuto, fornitore, indirizzo) values ('nnarrie4', 'Up-sized high-level knowledge base', 'It', 'whurnell4@taobao.com');
insert into MessagingPR (nickname, frase_benvenuto, fornitore, indirizzo) values ('acarnoghan5', 'Adaptive empowering flexibility', 'Tempsoft', 'ksibbald6@kickstarter.com');
insert into MessagingPR (nickname, frase_benvenuto, fornitore, indirizzo) values ('sentissle6', 'Enhanced user-facing hardware', 'Flowdesk', 'ljackman7@craigslist.org');
insert into MessagingPR (nickname, frase_benvenuto, fornitore, indirizzo) values ('sstump7', 'Expanded empowering complexity', 'Prodder', 'stutt8@illinois.edu');
insert into MessagingPR (nickname, frase_benvenuto, fornitore, indirizzo) values ('rsprouls8', 'Monitored local artificial intelligence', 'Otcom', 'bwainer9@acquirethisname.com');
insert into MessagingPR (nickname, frase_benvenuto, fornitore, indirizzo) values ('yemanueli9', 'Right-sized intermediate installation', 'Keylex', 'cgallatlya@ow.ly');
insert into MessagingPR (nickname, frase_benvenuto, fornitore, indirizzo) values ('mmccaskilla', 'Enhanced real-time structure', 'Overhold', 'gbattelleb@1und1.de');
insert into MessagingPR (nickname, frase_benvenuto, fornitore, indirizzo) values ('zratcliffb', 'Realigned local intranet', 'Home Ing', 'ypilleyc@princeton.edu');
insert into MessagingPR (nickname, frase_benvenuto, fornitore, indirizzo) values ('dleipoldtc', 'Cross-platform discrete toolset', 'Veribet', 'asimmigd@huffingtonpost.com');
insert into MessagingPR (nickname, frase_benvenuto, fornitore, indirizzo) values ('rnewberyd', 'Organic homogeneous adapter', 'Cardify', 'flumoxe@nyu.edu');
insert into MessagingPR (nickname, frase_benvenuto, fornitore, indirizzo) values ('iclemettse', 'Centralized explicit methodology', 'Y-find', 'nkewardf@parallels.com');
insert into MessagingPR (nickname, frase_benvenuto, fornitore, indirizzo) values ('rsiredf', 'Synergized encompassing hub', 'Bytecard', 'phubg@prweb.com');
insert into MessagingPR (nickname, frase_benvenuto, fornitore, indirizzo) values ('aaffleckg', 'Switchable asynchronous attitude', 'It', 'cpettifordh@tripod.com');
insert into MessagingPR (nickname, frase_benvenuto, fornitore, indirizzo) values ('nmatfinh', 'Advanced attitude-oriented productivity', 'Tres-Zap', 'aadanetj@msn.com');
insert into MessagingPR (nickname, frase_benvenuto, fornitore, indirizzo) values ('mlegrysi', 'User-friendly responsive archive', 'It', 'rdomoni0@bloomberg.com');
insert into MessagingPR (nickname, frase_benvenuto, fornitore, indirizzo) values ('rprandinij', 'Fundamental contextually-based intranet', 'Zaam-Dox', 'amccusker1@cloudflare.com');
